ppt,journey,battle,description
emd7a7psxk25vl5vm34o,0,0,I would describe her situation as stressful and uncertain. She is likely to have a ton of costly surgeries and appointments coming up in the future.
poytcneq3b277qn93yss,0,0,She's going through a rough time. She has lymphoma and is undergoing chemo.
jfaub1lsyblasedj7wez,0,0,Jason is currently undergoing treatment for cancer and recently had surgery on his thyroid. His best friend is helping to raise money to support his medical treatments.
1m8vr7p3x5aa645crmrb,0,0,He is undergoing chemotherapy over several months. He has many expenses associated with the treatment.
dl4b28v2g8y7lseb1ra0,0,0,She has lymphoma and is going to have tons and tons of medical bills piling up that she'll need the funds to pay for.
rvs58ff98l51al4167g7,0,0,He is suffering from lymphoma. He is going to require repeated chemotherapy.
mnkceqlemxkn4lptxs8h,1,0,Jason is struggling with being diagnosed with cancer. He has a long road ahead of him with chemo treatments that may make him feel horrible.
2bcv8v4lb4hb7wmxzq0y,0,1,She is in a battle with cancer. She needs money to help pay for the treatment.
k6e8sb4rwqruyqg9fyk8,0,0,Jennifer is suffering from lymphoma. She currently has to go through several rounds of chemotherapy and radiation and her friend is looking to raise money through donations to help cover the expenses.
wnmmdqkl23bk4ksk4xsm,0,0,Jennifer is struggling with a certain cancer and she's a very warm person. She has to go under a lot of suregy and chemotherapy.
wxhlawvwd0mm9s2jeupa,0,0,friendship Sentence Examples. I don't think our friendship will survive what is coming. Their friendship had been destroyed by one night of passion. It was meant to be the final act of their friendship.
jh8h1pjkg64m1pp7edcj,0,0,Jason has a bad case of lymphoma. He needs money to pay for procedures and hospital bills
zrj03c4ylo1ftplfyxv8,0,0,Jennifer is suffering with cancer and needs help with medical expenses
usv1ct6e1tgp144dg3lg,0,1,Jason is going through a difficult time and hit with an unexpected illness. He will need to go through chemo and he is often sick afterwards and I am hoping to get him some support other than my friendship financially.
yju3fpd5xg8c0gfa91a6,0,0,"Jennifer is a young lady with bright future, donating fund to aid her recovery from lymphoma would not only help heal her, it would help heal the world and make a different."
fp4kd6k5ra6p41e6uzl0,0,0,Jennifer underwent surgery to treat her thyroid and then it was discovered she also had cancer. The money being raised will help her with expense during her time of treatment.
fxb2q0qav65l0c4702l2,0,0,"My friend Jennifer has stage II lymphonia, and her best friend has created a hub for people to donate to her treatment. You should help out if possible!"
r6m2ywnz05jccer1531n,0,0,Jason has cancer. He is going through the treatments now. He obviously has alot of bills and expenses.
ou0zh3vzhwcer0r2gr9n,0,0,Jennifer is raising money to help her friend get through cancer. Its a very good cause to donate to because treatment can be expensive.
429wzyjbn0bysdd6abq2,0,0,Jennifer has been diagnosed with stage two lymphoma. She will now undergo chemotherapy as treatment. Her friend is collecting money to pay for the expenses.
tc3qtcwxnhlr2q9uj79l,0,0,jason is a person need lymompha and he needs some help for a fundraiser
xll4tajx9jeum1fkpljt,0,0,"she is big trouble, she needs some funds. I am praying to god for recovering from her illness"
5ztsafjpmlxpxuw0mvuq,0,0,my close friend of mine recently got diagnosed with cancer. any donations would be very much appreciated.
xlt9da1l0egf4qn0py71,0,0,She is extrem situation. She need timely help.
mrf0sl8vrwaqtg9eov4o,0,0,I cannot ignore this appeal as I am a survivor. I cannot survive with money either.
deaejrmmuxm6tnmrg373,0,0,i wouldnt
gs4jt8raa0tnwedwx0r7,0,0,Jason is suffering from lymphoma and the treatment often leaves him nauseous and weak.
urnuqo4w5hcqngf9pfgx,0,0,Jason is a person that had complicated thyroid surgery and now has stage II lymphoma. Medical costs are high as he has to undergo chemotherapy treatments over the next several months.
c3fsjc9m37v59bmapxzj,0,1,Jason is diagnosed with Lymphoma and and expects to battle against this disease every day for the foreseeable future. He will receive regular treatments that will likely deplete his financial resources.
zxharmyd8qn85oyhgvmm,1,0,She is in a rough situation just being diagnosed with Stage II Lymphoma.  She has to endure several months of medical treatments.
me05s0zblomh5tqydzmc,0,0,She has a best friend who was diagnosed with cancer and is undergoing treatments.  It does not state that her friend has any financial hardships as a result.
ubtwhmm272cjagyseozk,0,0,Jennifer is going through a tough time right now. She has cancer and is undergoing treatment.
y8c6hr7ragslouj6zyot,0,1,"This situation is a very severe case , she can battle it if she gets good donations"
7h1flfqv750u1ncjs91t,1,1,"He has had a tough battle with cancer. His therapy is taking a lot out of him, but we think he is on the road to recovery."
0x2m49618nowxvejpysr,0,0,Jennifer is very sick and will not be able to work or pay bills. She will need all the help she can get.
sblrd9upa6bgazwkogqq,0,0,"He has lymphoma, but is going through radiation therapy as treatment.  He has 3-4 months of treatment ahead of him, but is strong and determined to make it through."
wxy2po2yzkrgwfusm8uv,0,0,IT IS NOT A DOOD SITUYATION
eumocetawku4jjoqk27x,0,0,Jennifer needs help with expenses resulting from cancer treatments.
bwbhg35w15rxdbyc3aoc,0,0,He had thyroid surgery but was diagnosed with lymphoma afterwards. He cannot afford the cost of such an expensive sickness.
v5ljxyrouugel85k1r6d,0,0,"Jackson is in critical Situation
 He got injured"
1yoxvu6jh1639noyld5s,0,0,Jason is having a health issue that require urgent attention.Jason's friend is soliciting for help from the public in form of money to help him with his hospital expenses during the course of treatment.
1cwqmxvgkumn7vrlys9a,0,2,Jennifer is fighting a battle for her life . She had a complicated surgery which led to her receiving a cancer diagnosis. She is currently going through Chemo and is going to need some finance help with all the medical things.
50mrfv7fx4wpa8en8anf,0,0,"Jennifer has Lymphoma. She has a heart of gold, but she's suffering."
0o46yruf9eczsnnyy3yv,0,0,"Jennifer is undergoing treatment for Stage II Lymphoma. She has been feeling bad from the chemo, but is trying to maintain a good attitude and keeping her energy up. She will have many expenses from treatment and any donations would help."
oavk7cmgwy30kvgnw6y0,1,0,Jennifer has lymphoma. She has a long road ahead of her and needs lots of support.
dcy6pdrqzouhta4sg631,0,0,Jennifer has stage 2 lymphoma and faces many chemo treatments in the near future. Jennifer's friend has sat up a crowdfund page to help Jennifer with medical expenses during this trying time.
h0752ymh3lxs01gnh08r,0,0,She has a Lymphoma disease and doctors say she need many treatments.
cq4ara18tfnrnf23jmub,0,0,"hi friends i need your help one of my friend going for surgery due tyroid problem ,they are medical expenses are too high now they dont have enough money,anyone pls help him for surgery ,your donation may useful for his family ,pls share this message to your friends as soon as possible thanks."
ag9gczeyo3j5er8yuepv,0,0,the Jason situation at the very struggle at the very point of the describe the note pf the points at the would you describe the the situations at the work.
gtpocpbg2077j3m441rm,0,1,Jason has Stage 2 Lymphoma and his friends want to help with his fight. This fundraiser helps to give him his chemo treatments.
ek0oxh0qohr5gzh3929w,0,0,Jason has lymphoma. He will need many cancer treatments.
hwt1vgetumhmhg0jrvzs,0,1,that jason is going through some hardship with his cancer treatmeant and it would be a great help if we can help donate to him so he dont have to worry about anything else besides fighting the disease
6olwp9wkgswncalm31w5,0,0,Jason has gone through health struggles before and now is facing another one after being diagnosed with lymphoma. He is asking for financial support to help with dealing with the cancer and treatment.
76h75bhjwrp3qh1xqry6,0,2,"Jason has Type 2 Lymphoma. He's fighting really hard to overcome this disease. Right now, Jason is getting ready to start chemotherapy, after finishing radiation treatments. Jason is a strong person, but has his ups and downs. Everyone is praying that Jason will beat Lymphoma."
fn1dz9p0fsyx8py6aezm,0,0,Jason has a heart of gold but has been diagnosed with cancer. He will need to undergo chemo every 3 weeks for about 3-4 months. He will have many expenses.
ttdk4a34hx7lmcswolg5,0,1,"Jason is fighting cancer and needs all the help he can get, so let's help him out."
bnlabjm4n5olrhwwl3l1,0,0,A girl with lymphoma who has been diagnosed and is beginning her chemotherapy treatment. She experienced nausea and fatigue the first few days now she’s feeling better.
jf7rorsyanxvq6q9el3q,0,4,"Jason is in for a long battle with lymphoma, but for now he is keeping the faith and is ready to battle his cancer until he wins. He will have to have chemotherapy and possibly radiation as well, but he's ready to fight."
to5wlh16wh66obopsegx,0,0,She just went through thyroid treatments and now she has stage 2 lymphoma. We are hoping for the best as she goes through chemo and recovers.
28faxo83onk7cjh08qo9,0,0,Jennifer is dealing with some serious health issues
drdlen4o9ps1tc0hvkb9,0,0,He has stage two lymphoma. His friend is raising money for his medical bills.
gvjltd3pzt9tpmb6316s,0,1,"He has been a fighter, and is going through cancer. After the treatments, he is feeling rough and nauseous. We are just trying to help a fellow friend out!"
49l417gmz10pmt5aelam,0,0,undergoing chemotherapy for cancer.
lppwl4zjyl1e4kyt7n4d,0,2,I'd say that Jennifer is in bad shape and needs all the help she can get in order to battle her life threatening illness till she beats it.
xrrn5zrnbnlojxjx7res,0,0,"She is in a confused state at the moment because she's between life and death.
Her situation is in God's hands."
ftd4adb3gbxj13sbt9h8,0,1,Jason has lymphoma and will need to receive chemotherapy every 21 days which will leave him extremely I'll as he tries to fight this disease. He needs donations to cover medical expenses and everyday living.
71vs1ufy45b58x1rg2d4,0,0,she is going through a serious disease
uce0gzw3r5xc68mff6ek,0,0,i will describe jennifer's situation in a very polite manner and make to understand in a very simple manner
2rnfh6u33ccguo0bjxc7,0,0,Jennifer is suffering from lymphoma and one of her close friends started a campaign to raise money to help pay for all the costs as she recovers.
4gkspnkgctezyt4mh5y2,0,0,Jason has lymphoma and is seriously ill. He needs to go for regular treatment and is struggling with the costs involved.
7badha3zr8r8m4gvexyz,0,0,"He have a heart of gold, and he's having chemotherapy after a thyroid surgery. He has just discover a lymphoma. After his first chemotherapy he doesn't felt very well."
c4zj3j4kne892g87weet,1,1,"Jennifer has a very serious disease she is battling. It will require a lot of chemo treatments and a very long, hard road to recovery."
9zek2qqboptsb5aykj6y,0,0,"Jason has cancer and is seeking money for his own personal expenses. I gave him $%, the $45 left will be donated to Save The Children. An effective altruism chairity that does the most good for the most amount of people."
gozd5xr2xoqcl9w09vfh,0,0,Jennifer is struggling with Stage II Lymphoma and now she under Chemotherapy treatment.. She is very bold girl and she should live in this world to explore  a lot..requesting you also to donate for her
71kafbcol7zoj814uafp,0,0,"Jason had a Thryroid surgery and discovered that he had stage 2 lymphoma. Unable to pay for treatments, his friend started a campaign to raise money and help Jason pay for things like chemotherapy."
2rk1hsw3ckq1fbkhrb47,0,0,"Jennifer will still  need chemotherapy after surgery. The chemos is expensive, her friend is asking for donations. Jennifer does not know how long she has to live so any donation to ease her burden of this disease will help. Life is too short give what you can."
5yx4c04mkyoa1lgxy1zo,0,0,This guy went in for thyroid surgery and then was diagnosed with cancer. He needs help paying for expenses related to chemotherapy and just living. Help him out with a little donation.
emq5y83tajut4nlkmvqa,0,0,"Jason's friend has stage 4 lymphoma and needs financial assistance. He is going through treatment and is experiencing some side effects. To alleviate any stress due to the financial burden of him not working and medical costs, the family started a donation fund."
4uw8uaycydz6p6th2rj3,0,0,"Jennifer has lymphoma, which is a form of cancer, and is now undergoing some difficult treatments to cure it."
1bdtqfdc0lq51y40rseg,0,1,He has been diagnosed with cancer. Any money raised would help his family get through this tought time as he fights cancer.
wtqpg56hy6s1fn0kxerl,0,0,her situation is pretty hard to give lot of money to all
j921dlp759p2as3hkrmr,0,1,"Jason is currently battling cancer and receiving treatment. He seems to have a positive outlook, but will need help."
btd9xt5k52dgkt5jsgyf,0,0,Because their conservation it is about like that only ever as shown where are used to as normally both are having like friends situations only so that only ever are asked to that they where ever are used by the generally.
y6jqvsxgcwd36vp9907o,0,0,Jason is someone with stage two cancer. His friend is looking to raise money on his behave.
3vms3t5vdznsf5d63sqd,0,1,Extremely unfortunate. No one having cancer should need to fight the disease while worry about how to pay for treatment.
0gyaoz03jplr7wux4owk,0,0,I would describe his situation as sad and unforunate. It's a sad situation to be in that is unfair and I do hope he gets help.
22u7efkj22ckqanj7kap,0,0,"Jennifer's situation is pretty dire, and it seems that she does not have much time left. She will have to undergo several rounds of chemotherapy and will have mounting medical bills. She needs all the help she can get."
xn4uzj252hslfecb4w7e,0,0,He is raising money for treatment of Jennifer's lymphoma discovered after her thyroid surgery. He is her best friend and is just trying to help her out.
qokfqzvg6guqd5dxhfs7,0,0,Jennifer has been diagnosed with lymphoma and needs chemotherapy treatments for 21 days.
m4weqy4ue0hb78e30bfu,0,0,"Jennifer's condition is very serious, she needs your help to pay for her hospital bills the form of cancer that Jennifer has will keep her in the hospital for a lon time."
hu8ltup3he0mmx45fhv3,0,0,"Be there for a friend by being observant, asking questions, listening, responding and get help for your friend. Never keep a friends suicidal thoughts to yourself."
kab2pbe5fe4lp1k3eo8y,0,0,Jason has lymphoma and is doing better with chemo. Sadly  he still has more expenses he needs funds for.
aaegyj32j23lvwngfo4n,0,0,I feel some what better and adjust the situation and managed her friend
katsd8awcgp1bfsfgf2z,0,0,he has recently had lymphoma and now needs financial assistance. his friend says he is a genuine guy
4bclw46xf8hlfbzh8qjq,0,0,Jennifer needs to recover after chemo treatments. She needs money for expenses.
neemsf2ffofm3s89lqzo,0,0,Jason is recovering from Lymphoma and since it is such an expensive operation he needs some financial support.The treatment lasts 21 days for the next 3-4 months so any support would hep him out greatly.
5hw7db22hdyjx5thhrpb,0,0,Jason is in bad shape after surgery. His illness has the potential to severely impact his livelihood.
f397qo14nvg3xrogawzd,0,0,"Jennifer was diagnosed with a somewhat advanced stage of Lymphoma and will need a good deal of chemotherapy and possibly radiation.  This treatment and recovery will cause her to incur a lot of expenses, and her friend is trying to help her pay for some of those."
uxg7mulybwudtj0aaj8t,0,0,"Jason has recently been diagnosed with stage 2 lymphoma and recently had a thyroid surgery as well. He will need monetary support during his treatments, and I would like to donate my entire $50 should I win the drawing."
dlv0drws7gu6f6n81epa,0,0,"He is recovering from Lymphoma. Honestly didn't read much more than that. I don't really believe in donating to a direct person that way. I prefer to donate to a cause a a whole. So Didn't need to read his story I knew that I thought the donation was mostly a waste, heard plenty a sob story in my life don't need to read another."
gy1kmt6qnhamjpb5axn4,0,0,jennifer is suffering from lymphoma. she really need her friends support to make herself positive. she also need her friends financial support
3ayku9leoc8na1mk17v2,0,0,"I would describe Jason's situation to a friend by telling him his diagnosis and what he has been going through around this time. He needs all the support he can and by doing that we repost , donate and spread awareness."
5mdk706l2z13u9w3txol,0,1,"Jason is battling Stage 2 lymphoma and needs financial assistance to continue his chemo therapy. He can't work due to this, he deserves financial assistance."
bpfomq0qxph75sgbjwwq,0,0,Jennifer's friend has cancer.  She has to get chemotherapy and possibly local radiation as well.
wz9me6552xn98j5qmnhh,0,1,Jennifer had thyroid surgery and was ultimately found to have Stage II lymphoma. She is preparing to fight the disease but needs help with medical and living expenses.
gkhclhtf1188882rubql,0,1,"Jennifer, after undergoing a serious heart surgery, has been diagnosed with lymphoma. Doctors say she will undoubtedly face issues concerning quality of life for an extensive amount of time, due in part to the countless treatments the patient will have to endure, coupled with the battles the aforementioned treatments will assuredly cause."
hc7egysmd57shufgc7yt,0,0,"I like coffee. Mary likes tea. → I like coffee, and Mary likes tea.
Mary went to work. John went to the party. I went home. → Mary went to work, but John went to the party, and I went home."
m680r78z1u2zytuk4qkf,0,0,Hardwork for onlythe reason to help to donate her
j6l72nhe5dzthtu3j8y5,0,0,She is undergoing treatment and in need of financial help
qhs5vk1yy46648wb541z,0,0,Jennifer is a patient who was diagnosed with Stage II Lymphoma due to her diagnosis of thyroid surgery. Jennifer treatments are chemotherapy and local radiation. Her treatments are every 21 days for 3-4 months. As her best friend I am searching for financial assistance to help with her pay for her treatments.
jnh9stw5ohwyszf4m2w8,0,1,Jennifer discovered she had lymphoma after a procedure on her thyroid gland.  She is going to be going through both chemo and radiation to help her try to conquer lymphoma.
sehtsk3zghpo3wat6rv7,0,1,Jason is having a tough battle with lymphoma. Jason needs money for his treatment.
oxe5wwcc44r26kokxoy5,0,0,He is going to go through a lot of hardships and really needs help.
6oxrdwn0ylk10sr4fsv8,1,0,"Jennifer recently had a complicated thyroid operation. She was also diagnosed with type two Lymphoma and will be undergoing a series of chemotherapy every 21 days for about three months. Target radiation might also be needed.
Jennifer endured her beginning chemo treatments and is feeling slightly better but because of the tremendous life altering ordeal .. I am raising funds for her. Her expenses will add up and the fund will help her to navigate this long and arduous journey towards healing."
cmu44d3pwam0pg3yvnh4,0,0,Jennifer has cancer and is looking for help with expenses.  Her friend is concerned and started a gofundme page for her
xjsmxgkn0qsya5opakwq,0,0,"Unfortuanate situation my buddy Jason is in with stage 2 lymphoma. He is doing chemo for the next few months, he will need to be at the hospital a lot."
m8ua0bju9xfqmejyt60h,0,0,"he is in need of donation as he has lymphoma and needs assistance financially for the treatment, he is a good guy"
cusv4p17lhvud6vx9vv4,0,0,Jason is suffering from lymphoma. i want Jason to recover from this condition and stay strong.
3xom0s281xtzgbjm9seq,0,0,Jason needs chemo treatment for lymphoma. Please donate whatever you can.
nlaqlzssf2560bg92rtf,0,0,Jason is a kid who is suffering with stage 2 lymphoma and is currently undergoing chemotherapy. He will be going through treatments for about 3-4 months and is looking to recover through chemo.
sl2kyohf1u3pbaogepf3,0,0,shes a great girl and really could use the help.
8j942q9folfc7jgv56f9,0,0,Jason is raising money for a friend that has a type of cancer. His friend is a good person and any money will help.
e0f64b7zx2cs8ebnjhx9,0,0,I am not sure
m77sun1swt96wjlejhj6,0,1,Jennifer is currently battling stage 2 lympathic cancer.  She will need multiple treatments over the next 3-4 months including chemotherapy.  She has treatment every 21 days.
qy2tfo7hwdze5f23el4d,0,0,i would say its someone that has lymphoma and is trying to raise money to have since they will be fairly tapped out for many weeks to come
gk611lp7bcr06h9erxvt,0,0,Jennifer has lymphoma. She is ready to go ahead with treatment but needs help with expenses.
r3eshvccwvlsuh08eknn,0,0,Jason was diagnosed with stage 2 lymphoma. He underwent surgery and is undergoing chemotherapy every 21 days.
2rd89evcnkbem61w6gre,0,0,"Jason is suffering from cancer and will be in treatment for many months to come. To help with expenses, Jason's friend is raising money for him on kickstarter."
srp0s783e3z2460vznoz,0,0,Jason is in treatment for Lymphoma.  Jason is stage 2.  It looks like he is going to get chemo and possibly radiation treatment.  It looks like he's in for 3 or 4 months of treatment.  His friend is trying to raise some coin for him.
0534yky6zuwsmn800fjo,2,0,"I would say since my friend Jennifer found out she had cancer she has been undergoing brutal chemotherapy treatment which has been quite hard on her as far as side effects go, she has no energy and she will feel this way until chemo is over, she has a long road to go , but I feel she will be on her way to feeling better."
4ym0a7h3ndqtx249cmne,0,1,He was suffers from Stage 2 Lymphoma. His life is battle with this disease.
889foboua7ojvpf4rlg4,0,0,Jason is currently going through chemo and his friend is raising funds to help him get through the process. As the therapy is expensive and has awful side effects the funds are being raised to help Jason out.
96hr2gngsyshe20xxu7s,0,0,He has a good heart of Gold
uvm3cw2z3spp8qrv8cm0,0,0,terrible
eyxmg8kvjwdjl01f1ec0,0,0,Jennifer has cancer and is about to start chemo. These treatments will happen ever 21 days for 3-4 months.
s5qd7k6qh9vgjkud56kk,0,0,Jason has recently begun chemotherapy after finding out he had cancer after a thyroid surgery. His friend is raising money to help cover the medical expenses.
bduldnapu7w5l3v84no2,0,0,She was undergoing a surgery that made her weak and she ended up with stage 2 lymphoma.  She is a good person and struggling with this.
67kdyno7dj342790j8h5,0,0,"Jason developed lymphoma and is currently in treatment. His friend is raising money to help him pay for the costs of treatment, etc."
qal913afyprmblychftt,0,1,She has stage 2 Lymphoma and has been courageously battling it for a month or so. She is in chemo treatment and radiation.
0sxmrromqh5ds2pl1p6s,0,0,He has cancer and has to undergo chemotherapy and possibly radiation too.  The chemo made him ill for a few days but he is determined to get through this and be healthy again.
kw7dnmrcp7zpl0tcd70n,0,0,Jason is undergoing treatment for lymphoma. His spirits are high but his medical condition is causing him financial strain.
zbcygyp3yrfs88tgquss,0,0,He is a person who has some health issues. He was diagnosed with cancer recently.
t0zxe81qsknwsqt05glg,0,0,"jason want help to live , so i want to donate"
zw6a0qzsj0n7r18n36fh,0,1,I would describe it as very unfortunate. A young man with passions and a bright future in front of him shouldn't be going through what he is currently going through. But he is a fighter and with our help he will receive all the treatment necessary.
2vxseuhjcmawns4mxh1k,0,0,"Hurting and grasping on to life. He realized that life might shutdown but without your help he might die. Fear and longativity, he needs the help."
8od4own1h1qhb5hqzt95,0,0,He was recently diagnosed with Lymphoma after having thyroid surgery. He has finished one round of chemotherapy and expects to have several more over the next few months.
nbkdb98kumx7hehoge5h,0,1,"I would say that Jason has Stage II cancer and is going through chemo in order to fight it. According to his friend, he's a strong person who just wants to put this disease behind him."
jpzr36lo4vdoznw2xtnc,0,0,Jennifer has cancer and needs treatment. she is not able to pay for it herself
qbkugvymj7quo6bhqf8o,1,0,"I would tell my friend that Jennifer just has surgery and is now having to undergo treatment for Lymphoma and has a tough road ahead.  I would express sympathy for this person, as I understand how hard it must be to go through something like that!"
valuwn70681rtq3xvmm1,0,0,"Jennifer is facing a very difficult time medically.  Because of the cost for treating her disease, she's going to need financial help."
njthz7mlcbo3sfhd3vfe,0,0,It is very difficult
7dq1djth3ks842986ukr,0,0,A guy has had surgeries already and now needs more and chemo because he has cancer.
1ndgjg6cn8y82n6avks3,0,1,He is battling stage 2 cancer. He had surgery and is currently undergoing chemo. His treatments are every 3 weeks. After his treatment he has a few days of nausea and weakness. He is incurring a lot of expenses and could use help covering the cost.
hn7scqg7k13l0bftj3sl,0,0,Jason has been diagnosed with cancer. He will need chemo every 3 weeks for over 4 months. His friend is trying to raise money to help him with his medical bills.
a1gxwuvnhlwyo5wsb9vp,0,0,Jason has been diagnosed with thyroid cancer and needs to undergo costly treatment.
5uw34pqmc0z2h3pn3ecj,0,0,"Jason is suffering of  lymphoma and he is not able to cover all of his treatment in order to save his life, thats why he ask other people for help."
jqgvb8bas3oy6wd3jpqc,0,0,Jason is a young man suffering from Lymphoma. He needs people to donate money so he can get proper medical care.
zo44r3mb4pf5gd62jfm6,0,0,"He just got diagnosed with lymphoma, had surgery, and is now on chemo. A friend is collecting donations to get him through this situation."
dy96zubatwjfjnoafvq7,0,0,Jennifer underwent surgery and now has lymphoma. She need chemo and radiation.
pa5a6jvl35gp8y6091kn,0,0,jason is an critical situation. he has cancer but have not enough money to cure the disease.  please the help the person to live in the world.
xp8696u1pn0henn75fqj,0,0,I will tell my friend that Jennifer is suffering from a chronic disease and she needs all the help she can get. The only way we might be able to help her is by donating to her medical expenses.
m31mewakglu3sj6jg0sh,0,0,Jennifer is a nice young lady who is has been suffering from cancer. She needs some financial help to help get through this
0gu4jmkj6eldk2uooxwz,0,0,"Its really considerable to donate some amount, due to poor situation of jason.Always willing to donate these kind of persons"
9t1tk8211a6ok9j97d85,0,0,she is going through cancer treatments for lympnoma.  She has to go to chemo and possibly radiation.
eyhv3237f2hdnf82ghzb,0,0,Jennifer's situation is worsening. She is suffering from cancer.
pwobwjnceoazx2bq2009,0,0,Jason is someone who had thyroid surgery. He then learned he has stage 1 lymphoma.  He is going through treatment.
5lglovdp5o0vy9d9yw0x,0,0,She has cancer. She could use help paying the bills.
d50ws19f2hy3r1bf6vcn,0,0,jennifer just went to thyroid surgery and now suffers stage 2 lymphoma. jennifer will go through extensive treatment involving chemotherapy.
by44ktca21b9bstcjr75,0,0,Jennifer has been diagnosed with cancer. She is in need of financial support.
ngfmjkrog621kr2rd6j6,0,0,Jason has lymphoma and is undergoing chemo. He is hopeful for the future. He worries about the costs of treatment.
ltjgkten88e4mx90za6g,1,0,"Jason has been diagnosed with something my Father eventually succumbed too - cancer. While insurance pays for many medical items, things such as parking, food, care and other items aren't - and that's where contributions like this can greatly help. Jason has a long road ahead of him."
ewhdn6c1j2ldtxnm2ku3,0,0,"This person got stage 2 leukemia after undergoing surgery and now needs to get a lot of expensive treatment. She can't afford it on her own, and the medical system in America is so broken she needs to crowdsource funds so she doesn't die."
7njdgq37438rw1uxvtbd,0,1,He is battling a very life-threatening disease. He needs all the financial assistance he can get to make it through.
pqypjeb36814qyg1ft0c,0,0,She has lymphoma and has to do therapy
4w4dmvsarsfo4o7f6tsj,0,0,Its not Good but little growth and jason's of situation next level to move hime self.
8dwqlohjz0l92yvdpnp6,0,1,"Jennifer is suffering from stage 2 Lymphoma, and faces a long battle with chemotherapy, etc, etc.  She could use all the financial help she can get, to help pay for treatments."
o3ro56vugegxoojogsf8,0,0,He is dealing with stage 2 lymphoma  cancer which he got diagnosed with after having lymphoma surgery. He will have to undergo a lot of treatments in the next 3 to 4 months. His friend is helping to raise money to cover the expenses from all of this.
xqw72nfzwazneggd73ft,0,0,Jason has cancer and needs multiple rounds of treatment. Donate to help his medical bills.
lt2hqhjb7gsugc3by8k0,0,0,jennifer is suffering from her chemotherapy treatment. she needs money in order to support herself through this endeavor.
hqnyatu6gcgz8b3mmd6w,0,1,"She is suffering from a terminal disease, but is bravely battling. Her best friend is raising money to help with the many bills that are unreimbursed"
ttcyvp5xjlbww9u1ftq2,0,0,He has Stage II Lymphoma. Cancer treatments are expensive and his friend is raising money for him.
we1dszu85ny66htw7cna,0,0,He is up in spirits. His friend is trying to help out because he just got done with his firs treatment and he has to do it for 4 months every 21 days.
kx4hmrz4pvcuyxq70d7p,0,0,He is in bad shape with Lymphoma. He needs treatment every month for the next 3 to 4 months. He needs help with the expenses to pay for it
2q4t98pum0hau7ze913t,1,0,"Jason has stage 2 lymphoma, which is a cancer. I am helping pay for his expenses on this difficult journey."
mdcbyv1ad0ka08texz3t,0,0,"Jennifer is a great hard-working person who just got over a thyroid surgery and now got hit with Lymphoma. This poor woman is toughing it out after receiving hit after hit from life. I feel so bad for her and want to help out since this horrible just by itself, but following thyroid issues? I hope she gets better with help, no one deserves to go through all of this at once."
o1lhc1qp82k6d5huk0zu,1,0,She is undergoing chemotherapy and has had some rough times. She has more rough times ahead.
bcmrge5ahs5fnq6dg6aw,0,0,Jason was diagnosed with Stage two lymphoma after the thyroid surgery.  He will receive treatment every 21 days in the next 3-4 months.
kdet2xahr6j7e1rh5fsx,0,0,"hey hi man , my friend jason is getting anger of his illness. i  need him to be terat well , so will you please donate as much you can.."
3w7yw3ngcdkov3bem13t,0,0,"She has cancer and is faced with a difficult treatment. But she also has loving and supportive people who care about her, so her chances of recovery are improved somewhat."
0bzvpo4a3jd6ljjy6lzq,0,0,"Jason has stage two cancer that's targeting his lymphatic system, and is undergoing expensive treatments for said cancer. His friend is currently crowdfunding additional money to help Jason in this tough time."
3ry9lyz46c38nsg4bc4f,0,0,"Jason's situation is that he has been diagnosed with Lymphoma, and will need to get treatment for it. He is experiencing nausea, and will need several treatments over the next months, and they are asking for money to be able to provide him with those treatments."
y3htrp436263hbv2u4v1,0,0,She needs some help.
1pj55etrucwgukfukq3m,0,0,Jason has been diagnosed with Lymphoma after undergoing a Thyroid surgery. He will be in rough shape for the foreseable future as he will need multiple rounds of chemo for about 4 months.
lf97cyjahjwlcgwgup0c,1,3,Jason is fighting Lymphoma a form of cancer.  He also recently underwent Thyroid surgery.  He has had one round of chemotherapy and several more to come at 21 day intervals.  This is the same form of cancer my sister had so it is close to my heart.  I know he will be in for a rough road ahead as he battles through chemotherapy.  It won't be easy.  His best friend has set up a fundraiser to help alleviate some of the money worries as he goes through this battle.
840thpr1w5bhwlt1tn1g,0,0,She is ill with lympoma and will have to unndergo several rounds of chemotherapy. She needs money to help pay for her treatment.
ryaynd8fo303ae5ux3cu,0,0,Jennifer is suffering with cancer. Her friends hold her in high esteem and are look forward to a speedy recovery. Jennifer will require several chemotherapy treatments over an extended period of time.
y79roprqtwca7zbpr3ov,0,0,Jason is this cool guy who got cancer not long after having surgery for something entirely different.
63owapo2nx1p0d12qs87,1,0,He has Lymphoma and has a long journey ahead of him. He had thyroid surgery and now is going to need a ton of treatment.
9gpc5zcy3vz0fjljx26v,0,0,Jason has a stage 2 lymphoma disease and he is a good person.
go9uj44e98pc99cza99x,0,0,Jennifer has stage II lymphoma and will need many surgeries and treatments over the foreseeable future. She's undergoing chemotherapy and needs to be able to pay for these expenses.
hkbz3ve6uw0p7f15zmt4,0,0,Its is bad. He has cancer and people love him. People will miss him and that is sad.
ewerfqxkao5fpqpr61hy,0,0,He is in a tough position at the moment and needs help.
rfjt54jvgpuzxep9tbge,0,0,"Jason is young and has a lot of life ahead of him. Unfortunately, he has been diagnosed with lymphoma and has a lot of medical costs and procedures."
c5lzrx01s972qryrvd6g,0,0,Jason is trying to recover from ALS
7a9f6vsa17kbm6muoq4c,0,0,Jennifer has stage 2 cancer and is going to have do deal with a lot of treatments in the coming weeks.
9w5qtto32mamdwh56qac,0,0,this woman is suffering a tough disease. The money will really help her out.
3h012y5qhusl9qrmxlo1,0,0,"Jason has cancer and is going to have chemo soon. He's going to suffer with naseau and other problems, so his friend is crwdfunding money."
azhzzsful8fjv0f1sv4f,0,2,"jennifer is facing a tough fight against a serious disease. she will need costly medical treatment for months, that have many unpleasant side effects as she battles cancer."
0feruvplb87ellt7o5mh,0,0,theres a mn named jason i meet that really needs help with medical bills to help save his life if you have extra money that can help the cause please help
kpapcfss8j5ek4n9bc6b,0,0,For the next 3 to 4 months Jason's friend is going to be going through chemotherapy. It's going to be a lot of money switch he can not afford.
bgsvp1atz0xvmz531uox,0,0,Jennifer has lymphoma. The treatment for this disease is very expensive and she could use some help with the costs.
cvpx3vuavah6qo4oyzf9,0,0,"A patient in the middle of cancer treatment, with limited financial ability to support the treatment. Her friend it starting a campaign to raise money to help her."
eohxxev5c9n4tdwdehx9,0,0,I would say she has cancer and had to have surgery. Now she is going to be going through treaments that are physically taxing and expensive.
e5nkntzrp80qmadn2bc9,0,0,He has lymphoma and requires chemotherapy to deal with it.
ho2rqc612ow4kwrsxr97,0,0,She has stage II Lymphoma. She will need treatments every 21 days for the next 3-4 months.
vtnv6xaqygsabjybdysl,0,0,It is critical and needs help
sxyh5o2r8enewg0pylh5,0,0,Young man needs financial help with hospital bills. He's in the USA he'll need all the help he can get.
y4k2eq1y53uzv1b6f8ll,0,0,i have do my best help
wx2ho66ly3xx1knlabk1,0,0,They are putting a fundraiser together for Jason. He has lymphoma type cancer. So they are raising money for him.
j7dlxbkl9bh0ds8qddzr,0,0,Jennifer has been diagnosed with stage two cancer that will require both chemo and radiation treatments.
tas372y4fy4w1kjng3s2,0,0,"Jason has lymphoma. He has many treatments of chemotherapy to go through, it will be difficult but he wishes to try his hardest and recover."
e3wcacz2qqxlndp4jo2o,0,1,Jennifer is a young girl with cancer. She has a heart of gold and will have many surgeries to fight the disease. Her friend is raising money to help pay for medical bills.
fdg1e76r8t4of6rmmxlu,0,0,Jason undergoing a complicated thyroid surgery. Jason was diagnosed with stage III lymphoma
xs7zyc6exzq5k8l1c5pz,0,0,Jason was diagnosed wit5h cancer and has to have chemo every 21 days and his best friend is trying to help him handle all of the costs associated with thre unexpected diagnosis of cancer.
hjkj7f9gsrwpdjnsqd5c,0,0,"Jason has lymphoma. It's not clear weather he has insurance or if he lives in the US, but I'm assuming he lives in the US and our healthcare system is abysmal so I'm going to donate because there's no way his cost will be free even with insurance."
g4rhbnhcy4r5j5s9j2vy,0,1,"Jason has cancer and needs chemotherapy. Although he's not in great shape, his friends and he are ready for this battle."
v21n957703x2av34qy1b,0,0,"Jennifer Lymphoma Cancer she is a strong, good hearted person. She has the will to recover and just needs some help with expenses."
lmmvtm4638x9m5jocjzh,0,1,It's a very tough situation for Jason to be in right now. He has lymphoma and is fighting it every day he wakes up.
dfhwcl2psj9htqypkgt7,0,1,Jason is having a bad time after hopeful recovering and now he needs our help now more than ever to beat this.
287z9wgclpbadak0fxte,0,0,Jennifer has lymphoma which is a form of cancer. She has begun chemotherapy but there are many additional expenses and she needs help.
c534tk72829xqtwh0gq9,0,0,Jennifer has cancer. She will be undergoing a long period of treatment.
700fdmpa0zlvpnwar490,0,0,Very critical and dangerous situation. To improve and clear the situation.
y38uggm4vod9yldapb7q,0,1,He is in the hospital fighting cancer. He is trying to raise money to help with the medical expenses.
kjn6gxogn9k78fg2hb3t,0,0,Jennifer is suffering with stage II Lymphoma and needs treatment every 21 days. She also need Chemotherapy treatment please help fund her treatment. Thank you
o352pdcj1g7t1xoyde0d,0,0,bit of good
sx2kty0buhbl006y6lk0,0,0,she is having a bad time after having some operations. and she would definitely would need the extra help
oco1335311oos10g1vdu,0,0,i was help my friend
zr3ro3x3aegrendlpvjn,0,0,He has cancer and needs money to pay for the treatments. He needs help to provide the appropriate treatments.
lrxsnv2em2xzpdf83z7h,0,1,Jason is fighting lymphoma. He will undergo multiple rounds of chemotherapy.
e8y2oy2r88tnzwl1ngaz,0,1,Jennifer has a really bad form of cancer but it is beatable if we all help her and raise money for her so that she can pay for treatments.
bdbdrng93furtd7suxs4,0,0,Jennifer has been diagnosed with cancer. The cost of treatment is high and she needs help paying for it.
adoqrzknc7fjtu5c1axc,0,0,Jason went through a thyroid surgery then was diagnosed with stage II cancer. He started chemotherapy and has been having a rough time with it. His best friend is trying to raise money to help.
r6r9j69f9lnjterqeuwb,0,0,I would say that it is a very serious situation. I think that she would need all the help that she can get
8pyyr6eo3uyqpw8fl04u,0,0,Jason was diagnosed with cancer. He's gonna need to go through months of expensive treatment.
03qdcerpjzz6v4mktu98,0,0,"Jennifer is going through something that few people ever have to go through, both physically, emotionally, and mentally. She needs all the help she needs get to pay for this treatment to help her through it."
f5lykrhswhp3j6asc2p7,0,0,Jennifer was recently diagnosed with lymphoma and has begun receiving chemotherapy treatments. Her friend is trying to raise money to help Jennifer with the upcoming expenses she will incur due to her treatment.
y5r0b0ez55b3nvd74rku,0,0,I would share that Jason is going through chemotherapy and has a friend that is raising money to help him out. I would encourage my friend to donate to Jason to help him through this challenging time.
2d90chkclgrhprgdhak2,0,0,it is good
c4hw391phy51jro89k0j,0,0,"Jennifer was diagnosed with Stage II Lymphoma. She is undergoing treatment currently, and her best friend is raising money to try and help cover the costs of treatment, hospital bills, etc."
dqd6np000p4l7y78yygv,0,0,She has stage II lymphoma so is very sick and requires many treatments. Her treatment is very expensive so is looking for donations to help.
dc1mfjjfldk5986do51z,0,0,Jennifer is a sweet young girl who has lymphoma and need financial support.
z9clq1b2euhstgexoray,0,1,Jennifer was diagnosed with Lymphoma a devastating diagnosis. Lymphoma is a type of cancer that involves chemo. Please consider donating to help Jennifer battle the illness. Keep Jennifer in your thoughts and prayers.
y1vzz68vyykde895mjjb,1,0,"Jason is in a rough time he need help with medical treatment and medication every bit of dollar would help his situation and get back on track, he need support to get through this."
dlum38azor8gmy2m39jj,0,0,If I could describe Jason situation to a friend I would describe it as heart wrenching. He is in a very hard situation to be in and its very unfortunate.
x63cv9mjygxo4bcetnbg,0,0,Jason has been diagnosed with Lymphoma. He will need to go through several treatments - likely radiation and chemotherapy. He needs a hand covering the many expected medical bills.
netl0a20jm5w1cz5zqbf,0,0,feel good
udznt39n7jr6jyzcaxxe,0,0,She has stage 2 Lymphoma and is struggling day-to-day. Her best friend is raising money for her.
zyaljoyvvf2mqz51czp9,0,0,"Jason is suffering from lymphoma and is looking for financial support from friends and family. Treatment is available, but it is expensive."
m1mset7betlden7efxrv,0,0,Jennifer has lymphoma and her friend is raising money to help her pay for treatment. She will be receiving treatments for the next few weeks.
04majoq9qoch9zukq6gu,0,0,Jason is undergoing treatment for Lymphoma. The treatments are multiple times a week and he has experienced many negative side effects from similar treatment in the past.
vzu80wwdtmu4osp3us1o,0,0,He is struggling with cancer he needs every kind of help available.
2oamwtkt9qftns41z4vk,0,0,"Jason had thyroid surgery, and during the surgery they found cancer. Jason is going to have to do chemotherapy and possibly radiation."
zo8k6jw51v4fve2u8m9r,0,0,I would donate atleast about $30 for my friend situation i need help from my side.
gnq99wt2y0h7sc2mrupp,0,0,She is a friend of a person doing crowdfunding. She has lymphoma which was discovered when going through a different procedure. She has undergone chemo and is weak but doing better so far.
vqna2pexa4obj6dlxhyy,0,0,She had thyroid surgery and is suffering from lymphoma. She would like some help to recover and get better again. Her best friend is helping her.
kbfujlml0mtt5r02hxcj,0,0,He's a man who is currently suffering from the effects of Stage 2 Lymphoma and it's associated treatment of chemotherapy.
1rqd9wv40kt68utqofjw,0,1,Jason has Lymphoma. He will need help paying for things as he fights this cancer.
9kjy9479mq978tef3s66,0,0,His situation is dire. Lymphoma is not a minor disease and it is my hope he will make a full recovery. Having lost my father to cancer I cannot empathize enough with Jason's condition. I wish him the best. He needs all the financial help he can get.
y6q2qz5k8jx9xy0hxq8p,0,0,HE IS GOOD AND BROAD MIND
0w02169sq7pn24s4ulus,0,0,Jennifer was diagnosed with Lymphoma. She will need to receive chemo treatments for 4 months and her friend is raising money to help pay for her expenses.
rn4k9hs2fzz7wfcowz9h,0,0,I will like first tell a friend about the the Jennifer's situation and when am able to explain the situation to a friend he will definitely help in terms of donation
75uahdxjl3syz2yk5zvq,0,0,Jennifer is a kind person who was diagnosed with cancer and has to undergo several rounds of treatment. Her friend is raising money to help pay for her treatment costs.
omg6z3z15pp8689abkvu,1,0,She is suffering from a hard stage of cancer and needs treatment. She is a good person with a heart of gold but is going on a cancer journey of treatmentns and needs help financially.
fxdserss9059m0msd3ov,0,0,Has cancer. needs money for treatment
eh76fcapd4hsxnhkrh9h,0,1,Hai i have found a campaign about a girl named Jennifers who has diagnosed with Stage II Lymphoma. She is staying positive with high spirits to overcome this disease through her treatment. All she needs is help for paying her hospital bills and medicines.
qb3nzma54o4as961f7zp,0,0,It is sad. She is suffering from lymphoma.
t3d9rto8h0b7d1u62l5h,0,0,Very difficult. Needs help in order to get better.
23txo6dp7cx5sbfhgpof,0,0,"Jennifer had a normal procedure to undergo and found that she had very serious cancer. She will have to under many costly, painful and time consuming treatments as a result."
ycnokdcoln2cv5ukly60,0,0,Jason has lymphoma and is having chemotherapy treatments. He is slowly getting better but the cost of treatments is a burden on him.
0kb9vvtb2qpg1pothrdt,0,0,"Jennifer has cancer, but forsees having financial problems in the future as she undergoes treatment. Her friend is raising money to help contribute to the costs of her cancer treatment."
fvg2j1gu7cgrko25zqtb,0,0,"Jason is hospitalized and needs assistance. He is going through a tough time, we as friends should try to help him financially and emotionally."
m61rwq1ten3qx7pxnda5,0,1,"Jason was diagnosed with stage 2 lymphoma after having thyroid surgery. He is undergoing chemotherapy to kill the cancer. A friend of his, is raising money to help pay Jason's medical expenses."
smh4v9rqeytrb2yegyqw,0,0,Jenifer was diagnosed with Stage II Lymphoma.She will need many treatments of chemotherapy and radiation as well.
5gpadqfnjrkpy8s27lqw,0,0,Jennifer has cancer and will be getting treatment every 21 days for 3-4 months.
c8k63dqtl54jcz2rgy2k,0,0,our situation is about worried.i understand jennnifer's situation
ht2vj91bskoncvgm8yr9,0,0,"A good man is put in unfortunate circumstances. After undergoing thyroid surgery, he was diagnosed with Stage II lymphoma. His friend has set up a gofundme to assist in his medical bills."
hl0vwxkweoffr8ygpghm,0,0,"Jason has been diagnosed with lymphoma. He has already had surgery and is now having chemo therapy. He will have to have chemotherapy treatments every 21 days for the next 3 or 4 months, he really needs help with the expenses of his treatment."
vlq5lp9prlh0e206s52b,0,0,Jennifer has cancer. She suffers from fatigue.
e3fsgk5qsbnpzxn411my,0,0,Jennifer has lymphoma. She needs help
q7n82wzqpyod164pljy9,0,1,Jennifer has stage 2 lymphoma. she is described as someone with a heart of gold and loved by many. each day for her is a battle with this tragic disease and time she can never get back.
caeknf70m3lfmmj9m11u,0,0,I would tell them directly and not beat around the bush.
1lz74ralmjbmv2x0cuxz,0,0,Someone has leukemia and can't afford the chemotherapy. He's responded well to the first treatments.
jtoef9l5dudg0w07tuqb,0,2,Jennifer is battling lymphoma following a thyroid procedure. She has a fighting spirit.
l1dvvqkzcf9z45rd5le0,0,0,He has cancer. It's Lymphoma.
4dn4l536jlnzzlejk11g,1,0,"Jennifer is a woman who recently had surgery on her throat, but shortly thereafter found out that she has cancer. She's currently undergoing chemotherapy, and has a long road ahead of her."
pqpasfr0bxtxbyl605ju,0,0,Jennifer has lymphoma and is undergoing chemotherapy for treatment. She is outgoing and warm.
q2925gj94zbmn1lutdnc,0,1,"Suffering from lymphoma and facing a long battle of hospital visits, chemo, and all of the side effects that come with that."
6fam0mq36cms6pax4wpb,0,0,She is recovering from stage II lymphoma. SHe needs money to cover the cost associated with her treatment. Her friend is raising money for her
d1sclo42rtj5ynj8kmu6,0,0,Jennifer has stage 2 lymphoma. I am contributing to help.